mes;produto;quantidade;volume
1;prod_0;18;487.82923369621267
1;prod_1;15;469.0008586683428
1;prod_10;21;7646.739753659667
1;prod_11;15;6046.9030105407255
1;prod_2;27;746.305910500135
1;prod_3;21;592.1629523976841
1;prod_4;18;626.1898338517219
1;prod_5;21;529.7924177888647
1;prod_6;24;662.4575930135146
1;prod_7;27;528.3277629887555
1;prod_8;33;6518.855998975764
1;prod_9;21;10953.488266461107
